user_id,signup_date,acquisition_channel,country,primary_device,had_trial
1,2025-10-16,organic_search,BR,Android,True
2,2024-04-14,organic_search,US,iOS,True
3,2024-08-26,influencer,US,Roku,True
4,2025-04-04,paid_social,AR,Android,False
5,2024-12-14,organic_search,CO,Web,True
6,2025-01-24,paid_social,BR,Web,False
7,2026-01-17,referral,CO,SmartTV,True
8,2024-10-27,influencer,AR,Roku,True
9,2024-03-12,influencer,PT,iOS,False
10,2026-06-06,paid_social,US,Web,True
11,2024-12-29,influencer,MX,iOS,True
12,2024-06-24,email_campaign,BR,SmartTV,True
13,2025-10-17,organic_search,BR,iOS,True
14,2024-02-02,paid_social,BR,Roku,False
15,2024-11-18,influencer,BR,SmartTV,True
16,2024-05-22,email_campaign,US,Roku,True
17,2025-08-20,paid_social,CO,Android,True
18,2024-04-03,affiliate,BR,Android,False
19,2025-03-08,organic_search,BR,SmartTV,True
20,2025-07-20,influencer,BR,Roku,False
21,2026-02-26,paid_social,BR,Android,True
22,2026-01-09,direct,PT,Roku,False
23,2026-06-10,paid_social,MX,Roku,True
24,2025-01-17,referral,PT,Roku,False
25,2025-09-05,referral,BR,Web,False
26,2026-05-01,organic_search,BR,Roku,False
27,2024-03-28,affiliate,CO,Roku,False
28,2024-05-11,direct,BR,Roku,False
29,2025-03-09,,PT,Android,False
30,2025-02-12,paid_social,AR,SmartTV,True
31,2024-08-18,paid_social,US,Android,True
32,2024-01-08,email_campaign,BR,iOS,False
33,2026-05-30,organic_search,BR,SmartTV,True
34,2024-05-15,referral,BR,SmartTV,False
35,2024-07-13,organic_search,US,SmartTV,True
36,2026-06-03,influencer,CO,iOS,True
37,2026-01-15,affiliate,BR,Android,True
38,2025-04-04,paid_social,BR,Android,False
39,2024-03-18,affiliate,AR,iOS,True
40,2025-07-07,direct,CO,Android,True
41,2025-05-12,organic_search,US,iOS,True
42,2024-01-03,paid_social,PT,SmartTV,True
43,2025-12-14,influencer,US,Android,True
44,2024-02-29,email_campaign,BR,Web,True
45,2025-08-21,referral,AR,Android,True
46,2025-06-04,affiliate,BR,iOS,False
47,2024-08-28,organic_search,AR,Android,True
48,2024-02-10,organic_search,MX,Roku,True
49,2024-09-24,influencer,BR,Web,True
50,2025-11-18,paid_social,BR,iOS,True
51,2025-09-28,direct,BR,Android,True
52,2024-05-15,direct,AR,Web,True
53,2025-03-24,email_campaign,MX,Roku,True
54,2026-04-16,,MX,Android,True
55,2024-04-19,organic_search,BR,Android,False
56,2024-07-27,affiliate,US,Web,False
57,2026-05-16,organic_search,US,Web,True
58,2024-12-07,influencer,BR,SmartTV,True
59,2025-03-13,organic_search,BR,Android,True
60,2026-05-04,referral,BR,Android,True
61,2025-01-08,direct,BR,Android,False
62,2024-12-28,direct,US,Roku,False
63,2024-08-30,direct,PT,SmartTV,True
64,2026-01-24,email_campaign,US,Android,True
65,2026-03-17,paid_social,BR,SmartTV,True
66,2026-04-16,paid_social,AR,Android,True
67,2025-11-06,paid_social,BR,iOS,False
68,2024-10-12,influencer,BR,Roku,True
69,2024-01-29,,BR,Roku,False
70,2024-09-28,organic_search,US,Web,True
71,2025-06-07,paid_social,US,Web,True
72,2025-03-22,referral,PT,Android,True
73,2024-03-12,influencer,MX,iOS,False
74,2024-11-03,paid_social,US,SmartTV,False
75,2025-07-21,organic_search,MX,SmartTV,False
76,2024-06-27,referral,US,iOS,True
77,2024-08-03,email_campaign,MX,Web,True
78,2025-03-28,referral,PT,Android,False
79,2024-10-17,influencer,MX,iOS,False
80,2026-02-08,influencer,BR,Android,True
81,2024-02-17,direct,MX,iOS,True
82,2026-06-26,referral,MX,SmartTV,True
83,2024-09-06,influencer,BR,iOS,False
84,2024-08-12,affiliate,MX,SmartTV,True
85,2024-09-12,referral,PT,Roku,False
86,2025-09-01,direct,AR,Roku,False
87,2025-05-31,affiliate,US,Android,False
88,2025-05-01,paid_social,BR,Web,False
89,2025-06-17,influencer,BR,iOS,False
90,2024-08-28,paid_social,AR,iOS,True
91,2024-08-24,,MX,iOS,True
92,2024-12-04,referral,BR,SmartTV,True
93,2026-02-27,direct,BR,Roku,True
94,2024-01-07,paid_social,BR,SmartTV,True
95,2026-01-22,email_campaign,AR,SmartTV,True
96,2025-03-22,organic_search,BR,SmartTV,False
97,2026-05-10,direct,CO,Roku,True
98,2025-02-07,referral,BR,SmartTV,True
99,2025-04-17,organic_search,BR,Android,True
100,2024-12-11,paid_social,CO,SmartTV,True
101,2024-03-24,organic_search,US,Web,True
102,2024-03-11,organic_search,BR,Android,True
103,2024-01-21,organic_search,BR,iOS,True
104,2024-08-11,influencer,PT,Android,True
105,2026-02-04,email_campaign,BR,Web,True
106,2024-01-27,referral,AR,SmartTV,True
107,2026-01-02,organic_search,MX,Android,True
108,2026-03-02,affiliate,MX,iOS,False
109,2025-08-02,paid_social,US,Web,True
110,2025-10-25,organic_search,US,SmartTV,True
111,2025-01-05,direct,US,Android,True
112,2026-01-21,direct,BR,Roku,False
113,2025-04-21,affiliate,US,Web,False
114,2026-04-30,paid_social,US,SmartTV,True
115,2025-11-15,paid_social,US,Web,True
116,2024-08-05,email_campaign,BR,Roku,False
117,2024-10-09,organic_search,CO,iOS,True
118,2025-02-20,referral,BR,SmartTV,True
119,2025-05-17,email_campaign,BR,Android,True
120,2024-09-06,influencer,BR,Roku,True
121,2025-03-11,paid_social,MX,Web,True
122,2024-08-24,email_campaign,BR,Roku,False
123,2025-12-07,organic_search,PT,Web,False
124,2026-02-17,referral,CO,Android,True
125,2025-01-04,paid_social,MX,Android,True
126,2024-02-25,paid_social,CO,SmartTV,True
127,2024-01-13,paid_social,US,Web,True
128,2024-02-22,direct,US,iOS,True
129,2024-03-16,influencer,BR,Android,False
130,2024-11-07,direct,BR,SmartTV,True
131,2026-03-20,organic_search,US,SmartTV,False
132,2024-10-31,direct,BR,Roku,True
133,2026-01-27,direct,BR,Android,True
134,2024-03-24,organic_search,US,Android,True
135,2025-04-06,referral,BR,Web,False
136,2025-12-20,organic_search,BR,Web,False
137,2025-10-02,influencer,CO,SmartTV,True
138,2024-08-18,organic_search,BR,Android,True
139,2024-06-18,referral,AR,Web,True
140,2025-04-24,influencer,CO,Roku,True
141,2025-03-24,referral,AR,Web,True
142,2024-01-27,organic_search,MX,Roku,True
143,2024-01-22,referral,PT,Android,True
144,2025-10-29,direct,BR,Roku,True
145,2026-04-13,direct,US,SmartTV,True
146,2025-11-17,affiliate,BR,SmartTV,True
147,2025-02-14,organic_search,BR,Web,True
148,2026-03-02,affiliate,AR,iOS,False
149,2025-07-09,paid_social,BR,Web,True
150,2025-05-25,paid_social,BR,Web,True
151,2024-10-21,direct,US,iOS,False
152,2025-09-15,email_campaign,BR,iOS,True
153,2024-04-05,direct,AR,SmartTV,False
154,2025-10-25,referral,MX,Roku,False
155,2025-03-01,direct,BR,Roku,True
156,2024-07-14,referral,AR,iOS,True
157,2026-03-19,paid_social,PT,Web,False
158,2024-10-16,affiliate,US,SmartTV,False
159,2025-04-02,referral,BR,Roku,True
160,2024-11-25,direct,BR,SmartTV,True
161,2026-03-05,organic_search,PT,SmartTV,True
162,2025-11-10,direct,US,iOS,True
163,2025-08-27,affiliate,AR,SmartTV,True
164,2025-04-12,email_campaign,US,Android,True
165,2026-03-11,paid_social,MX,iOS,False
166,2026-05-22,paid_social,BR,SmartTV,False
167,2024-02-06,organic_search,MX,Web,False
168,2026-02-03,paid_social,BR,iOS,True
169,2025-12-11,direct,BR,iOS,True
170,2025-01-18,,US,Roku,False
171,2024-07-03,organic_search,MX,SmartTV,True
172,2024-09-03,direct,BR,SmartTV,True
173,2025-04-15,influencer,AR,SmartTV,False
174,2025-11-24,organic_search,US,Web,False
175,2024-11-02,direct,MX,SmartTV,False
176,2024-07-22,affiliate,BR,SmartTV,True
177,2025-08-11,direct,BR,SmartTV,True
178,2025-08-02,direct,PT,Web,False
179,2024-08-23,affiliate,BR,Android,True
180,2025-11-25,influencer,AR,iOS,True
181,2025-03-27,referral,PT,iOS,False
182,2024-11-30,organic_search,BR,Roku,False
183,2025-01-09,referral,BR,Android,True
184,2026-04-24,direct,BR,Web,False
185,2025-04-24,organic_search,CO,SmartTV,False
186,2026-04-03,paid_social,PT,iOS,True
187,2024-05-06,paid_social,PT,Web,True
188,2026-04-22,direct,BR,Android,True
189,2025-09-26,paid_social,MX,iOS,True
190,2025-04-20,influencer,BR,iOS,False
191,2024-11-07,organic_search,BR,Roku,True
192,2025-04-09,influencer,PT,Roku,True
193,2026-01-30,direct,MX,SmartTV,True
194,2024-10-13,influencer,BR,SmartTV,False
195,2026-05-25,organic_search,MX,Roku,False
196,2025-10-22,organic_search,BR,iOS,False
197,2026-04-23,organic_search,BR,Roku,False
198,2024-02-21,organic_search,BR,Roku,True
199,2026-04-29,organic_search,BR,Android,True
200,2024-05-31,organic_search,AR,Android,False
201,2025-07-07,email_campaign,BR,iOS,True
202,2025-01-01,referral,BR,Web,True
203,2026-01-29,referral,PT,SmartTV,True
204,2025-01-05,referral,US,Android,False
205,2024-02-14,referral,US,iOS,True
206,2025-05-05,paid_social,BR,SmartTV,True
207,2024-03-23,influencer,BR,Web,True
208,2025-08-22,email_campaign,BR,Roku,True
209,2025-04-09,influencer,BR,iOS,False
210,2025-10-28,email_campaign,BR,SmartTV,False
211,2025-02-27,affiliate,BR,iOS,True
212,2024-11-16,paid_social,BR,SmartTV,True
213,2026-05-01,organic_search,BR,Web,False
214,2025-07-23,referral,US,Web,False
215,2025-02-24,affiliate,CO,SmartTV,False
216,2026-01-08,direct,MX,Web,True
217,2025-06-03,organic_search,US,iOS,True
218,2025-07-23,organic_search,BR,Android,False
219,2026-05-15,direct,PT,Roku,False
220,2025-07-24,,MX,Web,True
221,2024-10-06,direct,BR,Android,False
222,2025-08-02,paid_social,BR,iOS,True
223,2025-06-27,paid_social,US,Android,True
224,2026-01-08,email_campaign,US,iOS,False
225,2024-06-08,email_campaign,BR,iOS,True
226,2025-11-08,referral,US,Web,True
227,2025-06-08,paid_social,BR,Roku,True
228,2025-11-14,organic_search,BR,Roku,True
229,2024-07-28,direct,PT,Web,True
230,2024-05-02,referral,US,Android,True
231,2025-12-21,referral,AR,Web,True
232,2026-06-01,paid_social,US,iOS,False
233,2025-08-12,referral,MX,SmartTV,True
234,2025-02-18,direct,BR,Roku,True
235,2025-12-07,organic_search,AR,Android,True
236,2025-02-14,organic_search,AR,Web,True
237,2026-03-08,organic_search,MX,Roku,True
238,2026-03-05,paid_social,CO,Android,True
239,2024-05-29,organic_search,MX,iOS,True
240,2026-03-02,referral,PT,Roku,True
241,2026-06-22,influencer,CO,Web,False
242,2025-10-04,organic_search,BR,SmartTV,True
243,2026-03-26,referral,BR,iOS,True
244,2025-04-07,organic_search,AR,iOS,True
245,2026-05-25,influencer,US,SmartTV,True
246,2026-03-21,paid_social,PT,Android,True
247,2025-05-02,organic_search,BR,iOS,False
248,2026-05-07,direct,BR,Android,True
249,2025-12-25,direct,US,Roku,True
250,2025-01-16,paid_social,PT,Roku,True
251,2025-10-08,paid_social,BR,Roku,False
252,2024-10-17,email_campaign,MX,Roku,False
253,2024-12-07,referral,BR,Web,True
254,2025-11-02,organic_search,MX,iOS,True
255,2025-01-20,email_campaign,PT,Roku,True
256,2025-11-17,referral,BR,Web,True
257,2024-08-07,direct,US,Android,False
258,2024-06-07,paid_social,PT,Roku,False
259,2026-05-05,organic_search,BR,Roku,True
260,2025-01-20,organic_search,AR,Roku,False
261,2024-06-18,organic_search,BR,Android,False
262,2025-09-17,email_campaign,PT,Android,True
263,2024-11-12,direct,BR,Roku,False
264,2025-04-17,email_campaign,US,SmartTV,False
265,2026-04-16,affiliate,BR,Web,True
266,2025-05-07,referral,BR,Roku,False
267,2024-10-18,email_campaign,BR,Roku,True
268,2025-03-23,direct,BR,SmartTV,False
269,2024-01-28,organic_search,US,Android,True
270,2024-03-24,organic_search,BR,iOS,False
271,2025-10-27,email_campaign,BR,Web,False
272,2025-04-28,email_campaign,US,Roku,True
273,2024-03-22,paid_social,AR,Roku,False
274,2025-09-15,paid_social,PT,Android,True
275,2024-02-18,paid_social,PT,SmartTV,True
276,2026-05-06,referral,BR,Roku,True
277,2026-01-05,paid_social,BR,Web,True
278,2025-03-02,influencer,BR,Web,True
279,2025-06-22,referral,CO,Roku,True
280,2026-06-13,organic_search,BR,Web,True
281,2024-01-17,email_campaign,BR,iOS,False
282,2026-01-22,organic_search,BR,Web,False
283,2024-06-28,direct,US,Android,False
284,2024-03-05,organic_search,BR,Android,False
285,2024-11-19,referral,CO,Roku,True
286,2024-02-07,organic_search,BR,iOS,False
287,2024-12-05,organic_search,BR,SmartTV,False
288,2025-01-30,direct,US,SmartTV,True
289,2026-03-27,paid_social,BR,SmartTV,True
290,2025-09-08,referral,BR,iOS,True
291,2024-10-29,paid_social,MX,Android,False
292,2024-12-25,organic_search,AR,Web,True
293,2025-03-21,influencer,PT,iOS,True
294,2025-10-14,paid_social,PT,Android,False
295,2024-05-26,influencer,US,Android,True
296,2026-03-08,paid_social,BR,Roku,True
297,2024-06-06,direct,BR,iOS,True
298,2025-06-26,paid_social,MX,Android,False
299,2024-01-27,referral,BR,Roku,True
300,2026-03-04,email_campaign,BR,Roku,True
301,2025-05-17,organic_search,AR,SmartTV,True
302,2025-12-31,direct,PT,Web,False
303,2025-12-27,referral,BR,Web,False
304,2025-12-29,organic_search,BR,Android,True
305,2024-07-24,organic_search,US,Web,True
306,2025-01-12,affiliate,US,Roku,False
307,2024-03-08,paid_social,MX,SmartTV,True
308,2026-02-26,affiliate,BR,Web,True
309,2025-04-05,influencer,BR,Roku,True
310,2024-07-05,paid_social,AR,iOS,False
311,2025-06-14,paid_social,BR,Android,True
312,2025-06-15,affiliate,BR,Roku,True
313,2025-10-02,influencer,BR,Android,True
314,2025-08-17,organic_search,MX,Roku,True
315,2025-07-31,affiliate,BR,iOS,False
316,2026-02-28,paid_social,BR,Roku,True
317,2025-10-16,referral,MX,Web,True
318,2024-11-05,organic_search,PT,SmartTV,True
319,2024-03-15,organic_search,US,SmartTV,True
320,2025-09-13,paid_social,MX,Web,False
321,2024-05-13,referral,BR,Android,True
322,2024-09-30,organic_search,BR,Web,False
323,2026-06-03,paid_social,CO,Android,False
324,2025-08-14,organic_search,BR,Roku,True
325,2026-06-19,referral,BR,SmartTV,True
326,2024-09-03,referral,BR,Web,True
327,2026-06-22,influencer,BR,iOS,False
328,2025-03-17,direct,PT,SmartTV,True
329,2025-02-14,referral,BR,Roku,True
330,2025-01-30,referral,US,Roku,False
331,2024-05-01,direct,BR,Web,True
332,2025-01-09,organic_search,US,Roku,True
333,2024-02-09,email_campaign,PT,Roku,True
334,2025-09-12,organic_search,CO,Web,True
335,2025-09-23,referral,US,Roku,True
336,2025-12-26,paid_social,PT,Web,True
337,2024-04-22,referral,PT,iOS,True
338,2024-09-28,,PT,Roku,True
339,2024-02-22,referral,US,Roku,False
340,2025-01-24,affiliate,BR,Roku,False
341,2024-04-22,organic_search,BR,Android,True
342,2024-07-27,referral,MX,SmartTV,False
343,2026-01-23,email_campaign,US,Roku,True
344,2025-11-09,referral,BR,Android,True
345,2025-06-29,referral,MX,Web,True
346,2024-07-15,paid_social,BR,Web,False
347,2025-12-22,influencer,US,SmartTV,True
348,2026-03-25,paid_social,US,Roku,True
349,2025-02-08,direct,PT,Web,True
350,2026-01-01,paid_social,US,Web,False
351,2024-08-07,affiliate,BR,Roku,False
352,2024-05-20,influencer,US,Android,True
353,2025-06-27,influencer,BR,SmartTV,True
354,2025-04-28,influencer,BR,Roku,False
355,2024-06-10,influencer,AR,SmartTV,True
356,2024-07-23,paid_social,MX,iOS,False
357,2024-08-25,email_campaign,AR,iOS,False
358,2024-06-28,direct,BR,iOS,False
359,2025-02-10,organic_search,PT,Web,False
360,2024-01-10,referral,BR,Web,True
361,2025-10-18,referral,AR,Android,False
362,2025-04-24,organic_search,BR,Android,False
363,2025-10-25,email_campaign,BR,Web,False
364,2025-08-04,organic_search,AR,SmartTV,False
365,2025-06-11,organic_search,MX,Android,False
366,2025-05-03,direct,BR,SmartTV,True
367,2026-02-10,direct,BR,Roku,True
368,2025-10-31,influencer,BR,iOS,True
369,2024-06-12,influencer,CO,Web,False
370,2025-10-16,,BR,Android,True
371,2025-04-10,paid_social,MX,SmartTV,False
372,2026-04-01,email_campaign,MX,Roku,False
373,2024-03-24,paid_social,MX,iOS,False
374,2024-04-24,affiliate,AR,Android,True
375,2024-06-02,paid_social,US,iOS,False
376,2026-01-04,referral,AR,SmartTV,False
377,2025-04-09,referral,US,iOS,True
378,2025-11-19,email_campaign,BR,iOS,False
379,2025-08-15,organic_search,BR,iOS,True
380,2024-03-02,direct,US,Web,True
381,2026-02-26,email_campaign,CO,SmartTV,True
382,2025-01-26,affiliate,AR,SmartTV,True
383,2025-11-08,organic_search,AR,iOS,True
384,2025-07-04,referral,PT,Android,False
385,2026-02-13,direct,US,Roku,True
386,2025-01-23,organic_search,BR,Web,True
387,2026-06-15,organic_search,MX,Roku,False
388,2026-06-23,organic_search,BR,Roku,True
389,2025-09-04,organic_search,BR,SmartTV,True
390,2024-08-10,organic_search,CO,Android,False
391,2026-01-19,paid_social,US,Web,True
392,2026-06-16,direct,US,SmartTV,True
393,2024-03-03,direct,AR,Android,True
394,2025-03-13,referral,CO,SmartTV,False
395,2024-11-22,paid_social,BR,Android,False
396,2025-04-29,affiliate,BR,Android,False
397,2024-02-29,paid_social,US,Roku,True
398,2024-09-05,organic_search,MX,SmartTV,False
399,2024-04-04,email_campaign,BR,Web,True
400,2025-09-11,organic_search,BR,Roku,False
401,2025-07-26,referral,AR,Web,True
402,2024-01-16,direct,CO,iOS,False
403,2026-02-11,direct,MX,Android,True
404,2024-09-02,paid_social,BR,SmartTV,True
405,2025-01-02,paid_social,US,SmartTV,True
406,2026-04-02,email_campaign,BR,Android,True
407,2025-02-27,referral,BR,Android,True
408,2025-07-20,referral,US,Android,True
409,2024-08-23,referral,BR,Roku,False
410,2025-12-02,paid_social,AR,SmartTV,True
411,2026-01-20,organic_search,PT,SmartTV,True
412,2026-06-29,direct,CO,Roku,True
413,2026-05-17,direct,MX,iOS,True
414,2026-05-12,organic_search,MX,iOS,True
415,2025-04-11,organic_search,MX,Roku,False
416,2025-11-06,organic_search,US,SmartTV,True
417,2025-06-26,referral,BR,Roku,False
418,2025-11-21,affiliate,AR,iOS,False
419,2025-06-20,organic_search,MX,Web,False
420,2024-09-30,organic_search,CO,SmartTV,True
421,2025-12-14,paid_social,AR,iOS,False
422,2026-05-28,email_campaign,BR,SmartTV,True
423,2025-05-02,influencer,MX,iOS,True
424,2025-03-20,email_campaign,US,iOS,False
425,2024-02-13,organic_search,AR,Roku,True
426,2024-02-17,influencer,BR,Roku,True
427,2024-02-03,direct,BR,Android,True
428,2026-02-09,direct,BR,Roku,True
429,2026-05-04,influencer,US,SmartTV,False
430,2024-05-23,referral,CO,iOS,True
431,2024-08-25,paid_social,PT,Roku,True
432,2026-03-03,organic_search,BR,SmartTV,True
433,2024-12-30,direct,US,Roku,False
434,2024-03-28,paid_social,BR,iOS,True
435,2024-06-06,email_campaign,MX,SmartTV,True
436,2024-04-19,organic_search,BR,Web,False
437,2024-04-14,organic_search,US,Roku,True
438,2025-02-21,organic_search,BR,iOS,True
439,2026-03-14,affiliate,BR,SmartTV,True
440,2024-03-27,direct,CO,Roku,True
441,2025-12-02,organic_search,BR,Web,True
442,2024-03-05,paid_social,US,SmartTV,False
443,2025-01-04,direct,PT,SmartTV,True
444,2024-07-19,organic_search,BR,SmartTV,True
445,2025-09-27,affiliate,BR,Web,True
446,2026-04-23,direct,BR,Web,True
447,2025-12-12,referral,BR,SmartTV,False
448,2024-10-25,,US,Android,True
449,2024-10-14,paid_social,CO,Android,True
450,2025-07-12,influencer,US,SmartTV,False
451,2024-08-02,email_campaign,AR,iOS,False
452,2026-03-25,influencer,BR,Web,True
453,2025-11-05,email_campaign,PT,iOS,True
454,2025-09-04,referral,US,SmartTV,True
455,2026-03-20,email_campaign,PT,Roku,True
456,2024-03-28,email_campaign,MX,Web,True
457,2025-09-19,referral,MX,SmartTV,False
458,2024-12-05,organic_search,BR,Android,True
459,2025-06-15,referral,US,SmartTV,True
460,2025-04-19,influencer,BR,iOS,True
461,2024-10-29,direct,BR,Android,True
462,2024-12-17,email_campaign,US,Web,True
463,2025-03-24,paid_social,BR,iOS,True
464,2024-12-17,organic_search,PT,Android,True
465,2025-07-19,paid_social,US,SmartTV,True
466,2025-02-18,organic_search,MX,SmartTV,True
467,2026-01-25,direct,US,SmartTV,True
468,2025-12-22,organic_search,PT,iOS,True
469,2026-03-29,organic_search,BR,SmartTV,True
470,2025-11-17,referral,MX,Roku,True
471,2025-02-05,organic_search,BR,SmartTV,True
472,2026-04-13,direct,US,Android,True
473,2024-09-01,organic_search,BR,Android,True
474,2025-03-04,organic_search,BR,Android,True
475,2025-07-04,direct,BR,Android,True
476,2024-05-23,paid_social,US,iOS,False
477,2024-01-10,organic_search,PT,Roku,True
478,2025-05-21,influencer,US,SmartTV,True
479,2024-03-25,organic_search,PT,Web,True
480,2024-08-18,paid_social,PT,Roku,False
481,2026-02-23,,BR,iOS,True
482,2025-07-10,referral,PT,SmartTV,True
483,2025-03-11,email_campaign,MX,Android,True
484,2024-02-03,paid_social,AR,iOS,True
485,2024-04-30,organic_search,PT,Web,False
486,2025-09-16,paid_social,MX,Android,False
487,2026-04-04,referral,US,Roku,True
488,2024-11-27,paid_social,BR,Roku,False
489,2025-11-26,organic_search,PT,SmartTV,False
490,2024-10-10,organic_search,AR,Android,True
491,2024-11-25,email_campaign,MX,SmartTV,True
492,2025-10-09,influencer,BR,iOS,True
493,2026-06-20,paid_social,PT,Web,True
494,2025-05-14,referral,AR,iOS,False
495,2025-04-14,,BR,iOS,False
496,2025-02-11,direct,AR,SmartTV,True
497,2026-04-28,paid_social,US,Roku,False
498,2026-03-18,direct,PT,iOS,True
499,2026-03-13,organic_search,CO,Android,True
500,2024-01-01,organic_search,MX,Android,False
501,2024-11-05,affiliate,AR,iOS,False
502,2024-09-13,paid_social,AR,Android,True
503,2025-10-02,email_campaign,PT,SmartTV,False
504,2025-12-21,organic_search,US,Android,True
505,2025-06-15,organic_search,MX,iOS,False
506,2025-03-08,referral,BR,iOS,False
507,2024-04-14,paid_social,AR,Android,True
508,2026-04-12,influencer,MX,iOS,True
509,2024-01-09,influencer,US,Android,True
510,2024-06-04,influencer,US,Android,True
511,2024-04-12,email_campaign,US,SmartTV,True
512,2025-03-15,email_campaign,BR,iOS,True
513,2025-09-07,email_campaign,BR,iOS,False
514,2025-11-05,organic_search,MX,Android,False
515,2024-10-29,organic_search,AR,Android,True
516,2024-04-25,referral,US,Roku,False
517,2024-01-13,direct,BR,Roku,True
518,2025-07-13,email_campaign,CO,iOS,True
519,2024-03-10,paid_social,BR,iOS,False
520,2025-02-11,paid_social,MX,SmartTV,True
521,2025-02-15,influencer,US,Android,True
522,2024-11-13,referral,BR,Android,True
523,2025-02-04,influencer,AR,iOS,True
524,2025-03-23,organic_search,BR,SmartTV,True
525,2025-09-18,organic_search,MX,Android,True
526,2025-12-25,email_campaign,BR,Web,True
527,2026-03-12,organic_search,BR,Web,False
528,2024-04-30,,US,Roku,True
529,2025-12-30,influencer,US,Roku,True
530,2025-05-26,organic_search,BR,iOS,False
531,2025-11-21,organic_search,US,iOS,False
532,2024-01-13,organic_search,BR,Android,True
533,2026-05-28,referral,AR,SmartTV,True
534,2024-09-11,direct,BR,iOS,True
535,2024-05-02,influencer,BR,Android,False
536,2024-02-17,organic_search,US,Web,False
537,2024-11-14,organic_search,US,Web,True
538,2025-07-31,email_campaign,BR,Web,True
539,2025-05-20,email_campaign,US,Android,True
540,2025-02-23,organic_search,BR,iOS,False
541,2024-01-02,paid_social,PT,Web,True
542,2025-06-26,paid_social,CO,Android,False
543,2024-04-05,direct,AR,Roku,True
544,2025-01-16,direct,BR,iOS,True
545,2025-10-14,organic_search,US,SmartTV,False
546,2024-05-13,paid_social,AR,SmartTV,False
547,2026-01-23,paid_social,BR,iOS,False
548,2024-05-19,organic_search,BR,SmartTV,True
549,2025-02-20,referral,CO,Android,True
550,2025-04-19,affiliate,BR,Web,False
551,2025-12-14,organic_search,AR,Web,True
552,2025-12-29,direct,BR,iOS,False
553,2024-09-23,organic_search,US,SmartTV,True
554,2025-07-17,organic_search,BR,Android,True
555,2024-03-04,organic_search,AR,Web,False
556,2025-10-22,referral,BR,iOS,True
557,2024-03-07,direct,US,Android,True
558,2026-05-17,organic_search,CO,iOS,True
559,2025-08-10,affiliate,BR,iOS,True
560,2025-03-12,paid_social,AR,Web,True
561,2026-06-23,organic_search,MX,Android,True
562,2025-05-25,direct,US,iOS,True
563,2024-05-20,organic_search,AR,Roku,True
564,2026-04-01,email_campaign,CO,Web,True
565,2026-03-11,paid_social,US,Web,True
566,2024-07-03,paid_social,BR,Web,True
567,2025-04-28,paid_social,US,Android,False
568,2024-04-12,influencer,BR,iOS,False
569,2024-08-12,affiliate,PT,Web,False
570,2026-05-15,organic_search,US,Web,False
571,2024-01-29,direct,US,Roku,False
572,2026-05-06,referral,BR,iOS,True
573,2024-08-26,organic_search,US,iOS,True
574,2025-09-20,affiliate,BR,Android,False
575,2026-05-14,organic_search,BR,Android,False
576,2026-05-16,affiliate,CO,Web,False
577,2025-11-09,referral,BR,Web,True
578,2024-06-10,,CO,Web,True
579,2025-07-29,email_campaign,BR,Roku,False
580,2025-01-22,email_campaign,BR,Android,False
581,2025-12-19,paid_social,CO,Roku,True
582,2025-09-08,direct,CO,Android,True
583,2024-04-16,organic_search,PT,Android,True
584,2024-11-23,influencer,CO,Web,True
585,2024-09-28,organic_search,BR,Web,False
586,2026-01-07,organic_search,US,SmartTV,False
587,2026-06-24,referral,BR,Roku,True
588,2026-04-28,email_campaign,US,Android,True
589,2024-03-16,paid_social,BR,iOS,True
590,2024-06-23,organic_search,BR,iOS,True
591,2025-09-20,email_campaign,US,Android,True
592,2025-03-20,organic_search,BR,Android,True
593,2025-07-21,,BR,Android,True
594,2025-02-06,referral,US,iOS,True
595,2025-03-13,paid_social,MX,Roku,True
596,2024-04-09,organic_search,MX,iOS,True
597,2024-04-28,email_campaign,US,Web,True
598,2025-07-11,organic_search,AR,Web,True
599,2024-02-15,paid_social,BR,Web,True
600,2024-06-03,organic_search,BR,Roku,True
601,2026-02-13,organic_search,BR,SmartTV,False
602,2025-03-04,influencer,CO,Roku,False
603,2025-05-02,organic_search,AR,iOS,True
604,2025-06-13,influencer,MX,iOS,False
605,2025-04-04,direct,BR,Android,False
606,2024-05-09,paid_social,CO,SmartTV,True
607,2026-04-22,organic_search,US,Web,False
608,2026-04-06,,US,Roku,True
609,2024-10-09,referral,AR,Roku,True
610,2026-03-11,organic_search,BR,Roku,True
611,2026-02-15,direct,US,iOS,False
612,2026-06-07,direct,AR,Web,True
613,2025-05-12,influencer,BR,Web,True
614,2025-09-25,influencer,US,SmartTV,False
615,2024-12-05,organic_search,US,Web,False
616,2024-01-21,affiliate,BR,Web,False
617,2026-05-28,,BR,Web,False
618,2025-03-29,paid_social,US,iOS,True
619,2024-08-04,email_campaign,PT,Web,False
620,2025-06-11,organic_search,MX,SmartTV,True
621,2026-05-21,affiliate,BR,Android,False
622,2024-07-24,organic_search,US,Web,False
623,2024-10-07,affiliate,US,iOS,False
624,2024-09-04,referral,US,SmartTV,True
625,2024-12-24,organic_search,AR,iOS,True
626,2025-01-30,organic_search,US,Android,False
627,2025-10-24,influencer,BR,SmartTV,True
628,2026-06-04,referral,BR,Android,True
629,2024-01-09,paid_social,PT,Web,False
630,2025-12-27,paid_social,AR,Web,True
631,2024-08-11,paid_social,US,Roku,True
632,2024-04-14,referral,MX,Web,True
633,2025-08-31,paid_social,MX,SmartTV,True
634,2024-10-10,paid_social,BR,Web,True
635,2025-06-13,direct,PT,Roku,True
636,2024-11-23,email_campaign,MX,Web,True
637,2025-03-04,paid_social,BR,Roku,False
638,2024-12-17,influencer,MX,SmartTV,False
639,2025-11-18,referral,AR,Roku,True
640,2024-04-09,organic_search,BR,Roku,False
641,2024-07-06,influencer,BR,Android,False
642,2024-11-10,email_campaign,BR,Web,True
643,2025-04-19,referral,AR,Roku,True
644,2025-09-27,referral,BR,iOS,False
645,2025-01-25,paid_social,BR,Android,True
646,2024-07-24,paid_social,US,SmartTV,True
647,2026-06-02,email_campaign,US,Android,True
648,2024-02-29,referral,BR,Android,True
649,2024-06-11,email_campaign,PT,Android,True
650,2025-10-10,paid_social,CO,SmartTV,True
651,2025-06-30,email_campaign,CO,Web,False
652,2025-06-27,organic_search,BR,Android,True
653,2026-06-17,paid_social,BR,Roku,True
654,2024-06-20,affiliate,BR,Web,True
655,2025-06-16,referral,US,Android,True
656,2025-05-16,email_campaign,BR,SmartTV,True
657,2024-08-17,organic_search,BR,Roku,True
658,2025-01-10,email_campaign,BR,Web,False
659,2025-09-30,referral,BR,iOS,False
660,2024-01-21,influencer,US,SmartTV,True
661,2024-09-15,email_campaign,BR,iOS,True
662,2025-11-08,influencer,BR,Roku,False
663,2025-03-04,referral,MX,Web,True
664,2024-04-18,organic_search,BR,Web,False
665,2024-07-25,email_campaign,BR,iOS,True
666,2024-07-31,paid_social,BR,iOS,False
667,2026-05-05,influencer,BR,iOS,False
668,2024-03-17,direct,MX,SmartTV,False
669,2024-10-30,referral,BR,Android,False
670,2026-05-22,paid_social,MX,SmartTV,False
671,2024-04-07,organic_search,BR,Android,True
672,2025-03-24,paid_social,PT,Web,False
673,2024-07-06,paid_social,CO,Web,False
674,2025-12-07,email_campaign,MX,Android,True
675,2025-12-13,direct,AR,iOS,True
676,2025-08-27,affiliate,MX,Android,True
677,2026-03-08,influencer,AR,Android,True
678,2025-05-14,direct,US,iOS,True
679,2024-11-17,email_campaign,MX,Roku,False
680,2024-08-17,referral,MX,Roku,True
681,2025-11-08,referral,MX,SmartTV,True
682,2026-04-26,direct,MX,iOS,True
683,2024-06-09,affiliate,AR,Android,True
684,2025-05-18,organic_search,CO,iOS,True
685,2025-07-17,paid_social,PT,iOS,True
686,2026-03-31,paid_social,AR,SmartTV,True
687,2025-05-24,organic_search,US,iOS,True
688,2024-01-01,email_campaign,CO,Web,False
689,2025-07-29,influencer,US,Web,True
690,2024-02-25,affiliate,BR,Roku,True
691,2026-01-03,paid_social,US,iOS,False
692,2024-08-15,paid_social,AR,Web,True
693,2025-01-17,organic_search,BR,Android,False
694,2026-01-30,organic_search,MX,Android,True
695,2026-05-22,organic_search,AR,Android,False
696,2024-04-20,organic_search,MX,Roku,True
697,2025-04-06,influencer,CO,Android,False
698,2024-01-05,email_campaign,US,SmartTV,False
699,2025-05-09,email_campaign,AR,Roku,True
700,2026-04-14,organic_search,MX,Roku,False
701,2025-05-31,paid_social,MX,Android,True
702,2024-12-17,referral,BR,SmartTV,True
703,2026-06-26,paid_social,MX,Web,False
704,2025-07-20,organic_search,BR,Web,False
705,2025-11-19,direct,MX,Android,True
706,2025-12-11,paid_social,BR,Web,True
707,2025-08-19,direct,MX,Roku,True
708,2026-05-17,affiliate,US,iOS,True
709,2024-02-24,organic_search,PT,Android,False
710,2025-11-30,organic_search,BR,Web,True
711,2025-07-08,paid_social,US,Roku,False
712,2026-01-27,affiliate,PT,Roku,True
713,2025-06-07,influencer,BR,SmartTV,True
714,2026-03-18,direct,BR,Web,True
715,2026-06-08,affiliate,AR,Web,False
716,2025-07-13,,PT,Android,True
717,2024-06-30,organic_search,BR,Roku,True
718,2024-02-11,paid_social,BR,Android,True
719,2024-09-18,paid_social,MX,Android,True
720,2024-11-26,organic_search,CO,Roku,False
721,2024-11-04,email_campaign,US,iOS,False
722,2024-11-21,organic_search,BR,iOS,False
723,2024-06-12,referral,US,Web,True
724,2024-08-06,paid_social,BR,Roku,True
725,2025-07-28,organic_search,MX,SmartTV,True
726,2025-10-19,direct,BR,iOS,False
727,2024-11-24,direct,CO,SmartTV,True
728,2026-01-11,organic_search,US,Web,True
729,2025-06-04,referral,BR,Android,True
730,2024-03-25,organic_search,CO,Roku,True
731,2025-10-03,organic_search,MX,Android,False
732,2025-03-10,organic_search,AR,SmartTV,True
733,2024-03-14,organic_search,MX,iOS,True
734,2024-02-25,email_campaign,US,Roku,False
735,2024-09-21,paid_social,MX,SmartTV,True
736,2025-02-02,referral,MX,Roku,True
737,2026-02-02,organic_search,AR,Web,False
738,2024-04-18,email_campaign,BR,iOS,True
739,2025-03-24,paid_social,MX,SmartTV,True
740,2024-08-13,email_campaign,PT,Roku,True
741,2025-10-11,paid_social,AR,Web,False
742,2024-01-12,affiliate,BR,iOS,True
743,2025-09-02,referral,CO,Web,True
744,2026-01-29,organic_search,AR,Roku,True
745,2024-07-07,influencer,BR,iOS,True
746,2026-03-29,affiliate,AR,Roku,True
747,2025-07-16,paid_social,BR,iOS,True
748,2025-08-17,direct,BR,Android,True
749,2025-09-26,direct,BR,SmartTV,True
750,2025-11-06,,BR,Roku,True
751,2024-11-19,organic_search,BR,Android,False
752,2025-10-18,paid_social,BR,Web,False
753,2025-04-18,paid_social,BR,Roku,True
754,2025-10-23,,BR,Android,False
755,2024-07-20,email_campaign,MX,iOS,False
756,2026-05-19,influencer,PT,Roku,True
757,2025-08-27,direct,US,Roku,False
758,2025-07-06,influencer,BR,SmartTV,True
759,2026-03-01,,BR,SmartTV,True
760,2024-04-02,paid_social,BR,Android,False
761,2026-04-05,influencer,PT,Android,True
762,2024-07-02,direct,MX,Android,False
763,2025-05-10,organic_search,PT,Android,True
764,2025-01-13,organic_search,BR,Web,True
765,2025-04-10,organic_search,MX,iOS,False
766,2025-06-17,affiliate,AR,Web,True
767,2025-08-06,,BR,Roku,False
768,2026-05-05,referral,BR,Android,True
769,2024-12-27,referral,US,Roku,True
770,2026-06-22,paid_social,BR,Roku,True
771,2024-08-04,organic_search,BR,iOS,False
772,2025-02-28,email_campaign,US,SmartTV,True
773,2025-08-27,influencer,US,Android,True
774,2025-08-10,organic_search,MX,iOS,False
775,2024-05-30,organic_search,CO,Roku,False
776,2025-09-05,influencer,AR,Web,False
777,2024-08-09,influencer,US,SmartTV,True
778,2026-04-30,influencer,PT,Android,True
779,2025-06-07,organic_search,MX,SmartTV,True
780,2024-03-11,paid_social,BR,iOS,True
781,2026-05-30,influencer,AR,Roku,True
782,2025-05-02,referral,AR,Roku,True
783,2024-04-30,referral,BR,Roku,True
784,2024-01-02,paid_social,US,iOS,False
785,2025-03-15,direct,US,SmartTV,True
786,2026-04-03,organic_search,BR,SmartTV,False
787,2026-05-29,paid_social,AR,SmartTV,True
788,2024-01-06,referral,BR,iOS,True
789,2024-07-29,paid_social,BR,SmartTV,False
790,2024-09-16,affiliate,US,Web,True
791,2025-11-27,email_campaign,US,Roku,True
792,2025-01-14,referral,BR,Web,True
793,2026-03-03,email_campaign,AR,iOS,False
794,2025-04-02,organic_search,US,Web,False
795,2025-09-20,organic_search,CO,iOS,False
796,2026-04-23,referral,MX,iOS,True
797,2024-08-15,organic_search,BR,SmartTV,False
798,2025-02-14,influencer,BR,Roku,True
799,2026-03-03,influencer,US,Android,False
800,2026-04-03,paid_social,BR,Roku,True
801,2025-12-16,influencer,MX,Web,True
802,2024-01-01,organic_search,BR,SmartTV,True
803,2025-02-08,referral,US,iOS,False
804,2025-07-16,email_campaign,US,Roku,True
805,2026-04-15,organic_search,CO,SmartTV,False
806,2025-08-11,paid_social,US,iOS,True
807,2025-05-30,paid_social,BR,Roku,False
808,2026-06-16,affiliate,US,SmartTV,False
809,2025-07-30,email_campaign,PT,SmartTV,False
810,2025-08-23,referral,BR,SmartTV,True
811,2024-08-13,affiliate,US,Web,True
812,2024-01-10,organic_search,BR,Web,True
813,2024-07-01,paid_social,BR,Roku,True
814,2026-02-03,referral,BR,Android,False
815,2024-07-30,organic_search,BR,Roku,True
816,2026-03-08,organic_search,BR,SmartTV,True
817,2026-02-21,direct,AR,Web,True
818,2025-05-19,,US,Roku,True
819,2024-08-15,organic_search,US,SmartTV,True
820,2025-07-07,referral,BR,Android,True
821,2024-05-03,referral,MX,iOS,False
822,2025-01-23,organic_search,BR,Web,True
823,2024-09-26,paid_social,CO,Web,True
824,2025-05-25,organic_search,MX,Web,True
825,2025-02-14,referral,US,Roku,False
826,2026-04-13,email_campaign,PT,Roku,True
827,2025-01-25,organic_search,CO,Android,True
828,2024-01-10,paid_social,BR,Roku,True
829,2024-11-19,paid_social,US,Roku,True
830,2024-04-11,organic_search,PT,SmartTV,False
831,2024-04-08,email_campaign,BR,Web,True
832,2026-04-09,paid_social,US,Web,False
833,2025-09-12,referral,MX,Roku,True
834,2026-03-10,paid_social,MX,SmartTV,False
835,2025-04-02,,BR,Android,False
836,2025-10-17,paid_social,MX,SmartTV,False
837,2024-03-14,organic_search,BR,Web,False
838,2025-12-28,influencer,BR,SmartTV,False
839,2025-01-06,referral,US,Android,True
840,2024-01-24,email_campaign,MX,iOS,True
841,2025-02-10,organic_search,CO,SmartTV,True
842,2024-01-27,referral,CO,iOS,True
843,2024-06-08,influencer,AR,Web,True
844,2026-01-25,paid_social,BR,Roku,False
845,2024-01-30,influencer,AR,Web,False
846,2025-04-23,direct,US,Android,False
847,2025-12-15,organic_search,US,Roku,True
848,2025-10-17,referral,AR,SmartTV,True
849,2026-04-04,paid_social,BR,Web,True
850,2024-01-11,referral,PT,Android,True
851,2025-04-25,organic_search,CO,SmartTV,True
852,2026-02-23,email_campaign,US,iOS,True
853,2024-07-12,direct,US,Android,True
854,2026-01-24,paid_social,BR,Web,True
855,2025-10-02,referral,PT,Roku,False
856,2025-12-02,paid_social,PT,Web,True
857,2026-05-23,organic_search,BR,SmartTV,True
858,2024-10-05,referral,BR,Android,True
859,2025-07-01,organic_search,BR,Web,True
860,2025-03-24,organic_search,BR,SmartTV,True
861,2025-03-06,email_campaign,US,Web,True
862,2026-03-21,paid_social,AR,Android,True
863,2026-03-05,organic_search,US,Android,False
864,2024-09-13,affiliate,BR,Android,True
865,2025-03-29,email_campaign,BR,SmartTV,False
866,2024-04-06,,BR,SmartTV,False
867,2024-11-15,organic_search,PT,Roku,True
868,2024-09-16,influencer,BR,iOS,False
869,2024-08-11,organic_search,US,iOS,True
870,2024-10-09,organic_search,PT,iOS,False
871,2025-08-18,influencer,BR,iOS,True
872,2025-05-26,influencer,BR,iOS,True
873,2025-10-22,email_campaign,PT,Android,True
874,2024-11-20,email_campaign,PT,SmartTV,False
875,2024-01-22,paid_social,BR,iOS,True
876,2025-03-24,paid_social,MX,Android,True
877,2025-07-10,paid_social,US,Roku,False
878,2025-07-21,organic_search,BR,Web,False
879,2025-07-08,referral,PT,Roku,True
880,2024-07-08,influencer,BR,Roku,True
881,2026-01-08,influencer,US,SmartTV,True
882,2025-11-30,email_campaign,BR,Web,True
883,2025-10-18,organic_search,US,iOS,True
884,2024-05-12,affiliate,BR,SmartTV,True
885,2024-02-02,influencer,BR,SmartTV,True
886,2025-12-19,paid_social,BR,Roku,False
887,2024-01-14,influencer,CO,iOS,True
888,2025-10-16,paid_social,PT,SmartTV,False
889,2026-03-24,affiliate,BR,iOS,False
890,2026-05-04,organic_search,BR,Roku,True
891,2026-01-12,referral,BR,Roku,False
892,2025-08-06,direct,US,Roku,True
893,2024-04-18,referral,MX,SmartTV,False
894,2024-06-19,referral,US,Android,True
895,2025-09-06,direct,AR,Roku,False
896,2024-11-28,paid_social,MX,Web,True
897,2025-07-30,,PT,Web,True
898,2025-04-08,direct,BR,iOS,False
899,2025-09-02,referral,CO,Web,True
900,2024-08-15,affiliate,BR,Web,False
901,2025-06-07,referral,US,iOS,True
902,2024-12-30,organic_search,BR,Roku,True
903,2024-09-19,organic_search,BR,Android,False
904,2026-01-10,email_campaign,BR,Roku,False
905,2024-04-07,influencer,BR,Roku,True
906,2026-03-09,direct,BR,SmartTV,True
907,2026-06-07,affiliate,BR,Roku,False
908,2025-10-11,paid_social,BR,iOS,True
909,2025-08-01,paid_social,MX,Android,True
910,2026-01-19,direct,PT,Roku,True
911,2024-08-15,paid_social,BR,Android,True
912,2025-05-02,email_campaign,US,Web,True
913,2025-05-28,email_campaign,BR,Android,True
914,2024-07-21,paid_social,US,Roku,True
915,2026-01-23,organic_search,BR,SmartTV,True
916,2025-08-12,organic_search,US,Web,True
917,2024-11-24,referral,BR,Web,True
918,2024-12-24,affiliate,PT,Roku,True
919,2024-02-15,organic_search,BR,iOS,True
920,2024-02-25,direct,CO,Web,True
921,2025-12-11,paid_social,US,Web,True
922,2025-07-04,organic_search,US,Web,True
923,2025-09-29,influencer,MX,SmartTV,True
924,2025-11-10,organic_search,BR,Web,True
925,2025-12-14,paid_social,US,iOS,True
926,2025-11-07,influencer,AR,Web,False
927,2024-01-20,affiliate,MX,Android,False
928,2025-06-04,direct,US,Roku,True
929,2024-07-09,referral,US,iOS,True
930,2025-06-26,paid_social,BR,Android,True
931,2025-12-01,paid_social,BR,Roku,True
932,2024-03-04,paid_social,BR,iOS,False
933,2024-10-13,organic_search,AR,Android,True
934,2025-01-26,direct,MX,Android,True
935,2025-08-09,paid_social,BR,Roku,True
936,2025-07-09,organic_search,BR,Roku,False
937,2024-07-26,paid_social,MX,Roku,False
938,2025-03-16,influencer,US,Android,True
939,2025-07-24,direct,BR,Web,False
940,2024-05-29,email_campaign,AR,SmartTV,False
941,2024-11-06,email_campaign,AR,Web,True
942,2024-07-11,organic_search,BR,Roku,True
943,2025-09-12,influencer,US,Android,False
944,2025-01-02,influencer,US,Roku,False
945,2025-04-25,paid_social,AR,SmartTV,True
946,2024-06-16,organic_search,US,iOS,False
947,2025-02-26,email_campaign,CO,Android,True
948,2025-03-25,referral,BR,SmartTV,False
949,2025-03-13,email_campaign,MX,SmartTV,False
950,2025-02-07,direct,US,Roku,True
951,2026-06-15,referral,US,iOS,False
952,2024-09-08,referral,CO,iOS,True
953,2025-06-12,direct,BR,SmartTV,True
954,2024-11-07,referral,US,Roku,False
955,2025-12-07,direct,US,SmartTV,True
956,2025-05-27,organic_search,US,Roku,True
957,2025-02-27,referral,BR,Roku,False
958,2024-07-25,organic_search,BR,Android,False
959,2024-05-06,organic_search,US,Web,True
960,2025-12-25,email_campaign,CO,Roku,False
961,2025-01-22,paid_social,PT,Web,True
962,2025-11-06,organic_search,BR,iOS,True
963,2024-11-12,paid_social,BR,Android,False
964,2024-01-04,email_campaign,BR,SmartTV,False
965,2025-07-10,influencer,US,Android,True
966,2025-05-02,paid_social,BR,Roku,True
967,2026-06-22,paid_social,MX,Android,True
968,2024-05-31,influencer,BR,iOS,False
969,2026-05-08,paid_social,CO,iOS,True
970,2024-07-01,influencer,MX,Roku,True
971,2025-07-29,direct,PT,Web,False
972,2024-04-05,paid_social,AR,iOS,False
973,2026-05-13,organic_search,US,iOS,False
974,2024-10-08,referral,US,Android,True
975,2024-04-21,email_campaign,MX,iOS,True
976,2025-12-06,direct,CO,Web,True
977,2026-05-18,paid_social,US,Roku,True
978,2024-05-12,referral,US,SmartTV,True
979,2024-07-03,organic_search,BR,Android,True
980,2024-01-25,influencer,BR,Android,False
981,2025-02-28,organic_search,BR,Android,True
982,2024-07-25,paid_social,BR,Web,True
983,2024-11-27,organic_search,BR,SmartTV,False
984,2025-09-22,affiliate,BR,Web,False
985,2025-05-05,email_campaign,MX,SmartTV,True
986,2025-04-16,direct,US,SmartTV,False
987,2024-02-27,paid_social,PT,Web,True
988,2024-01-20,referral,BR,Web,True
989,2024-06-01,,BR,SmartTV,True
990,2026-05-12,referral,BR,Roku,True
991,2026-03-12,email_campaign,BR,iOS,True
992,2024-03-29,affiliate,BR,Web,True
993,2024-11-05,organic_search,PT,Android,False
994,2025-03-30,organic_search,US,Roku,True
995,2024-12-14,email_campaign,US,Web,True
996,2026-06-11,affiliate,CO,Android,True
997,2024-02-07,paid_social,AR,iOS,True
998,2024-02-15,affiliate,BR,iOS,True
999,2026-02-23,email_campaign,BR,Web,True
1000,2024-08-02,organic_search,BR,Roku,True
1001,2025-03-27,paid_social,BR,iOS,True
1002,2025-09-29,referral,BR,Web,True
1003,2024-10-04,,PT,Roku,True
1004,2024-03-13,influencer,BR,SmartTV,True
1005,2024-01-30,direct,BR,SmartTV,True
1006,2025-03-12,organic_search,US,Roku,True
1007,2025-12-07,influencer,BR,Android,False
1008,2025-11-17,organic_search,CO,SmartTV,True
1009,2024-04-05,organic_search,BR,SmartTV,True
1010,2024-08-17,affiliate,MX,Web,True
1011,2025-12-17,email_campaign,AR,SmartTV,True
1012,2024-03-07,organic_search,US,Android,True
1013,2024-12-22,referral,US,SmartTV,False
1014,2026-03-26,paid_social,MX,Web,True
1015,2025-02-14,paid_social,MX,Roku,True
1016,2025-05-08,organic_search,BR,Roku,True
1017,2025-03-21,email_campaign,US,Android,True
1018,2025-11-16,email_campaign,MX,SmartTV,True
1019,2025-09-02,paid_social,BR,SmartTV,True
1020,2025-02-19,referral,MX,Roku,False
1021,2025-01-23,referral,MX,iOS,True
1022,2024-05-22,direct,MX,iOS,False
1023,2025-11-07,referral,BR,Roku,True
1024,2024-07-19,influencer,BR,Roku,False
1025,2025-11-26,direct,CO,Web,False
1026,2025-08-19,influencer,US,Android,False
1027,2024-03-04,direct,CO,iOS,False
1028,2026-04-20,organic_search,BR,iOS,True
1029,2025-12-20,paid_social,BR,SmartTV,True
1030,2025-03-21,organic_search,BR,Android,True
1031,2025-01-28,affiliate,BR,Android,True
1032,2024-03-14,organic_search,PT,SmartTV,False
1033,2024-05-19,organic_search,PT,SmartTV,False
1034,2025-12-13,direct,MX,SmartTV,True
1035,2025-07-19,paid_social,BR,SmartTV,True
1036,2025-08-14,affiliate,BR,Roku,True
1037,2025-07-13,paid_social,CO,Roku,True
1038,2025-01-12,referral,CO,iOS,True
1039,2026-01-18,direct,CO,Web,True
1040,2024-03-21,direct,BR,SmartTV,True
1041,2025-11-10,,US,Roku,True
1042,2024-02-24,referral,BR,SmartTV,True
1043,2025-04-25,email_campaign,US,Web,True
1044,2024-02-06,email_campaign,PT,Roku,True
1045,2025-10-06,referral,US,Web,False
1046,2025-10-01,paid_social,BR,Roku,True
1047,2026-03-13,paid_social,MX,Web,False
1048,2024-01-15,influencer,AR,Android,False
1049,2025-01-13,paid_social,MX,SmartTV,True
1050,2025-06-24,paid_social,BR,Android,True
1051,2026-04-21,affiliate,PT,SmartTV,False
1052,2024-08-31,email_campaign,BR,Roku,False
1053,2024-12-19,influencer,PT,iOS,True
1054,2025-04-20,referral,US,Roku,True
1055,2025-11-30,referral,BR,SmartTV,True
1056,2026-03-27,paid_social,BR,Roku,False
1057,2024-02-12,direct,MX,SmartTV,True
1058,2025-10-29,paid_social,BR,iOS,True
1059,2025-08-21,referral,MX,Android,False
1060,2025-08-25,referral,MX,Android,True
1061,2024-01-11,affiliate,BR,iOS,True
1062,2025-12-02,paid_social,PT,Web,True
1063,2024-01-25,organic_search,CO,Android,False
1064,2025-10-15,email_campaign,BR,Roku,True
1065,2025-11-03,referral,CO,iOS,False
1066,2024-09-16,referral,CO,SmartTV,False
1067,2024-10-10,influencer,MX,Web,True
1068,2026-03-10,paid_social,BR,SmartTV,True
1069,2024-03-02,direct,BR,SmartTV,True
1070,2024-07-24,paid_social,MX,iOS,True
1071,2026-02-26,organic_search,MX,SmartTV,False
1072,2024-04-15,organic_search,US,Web,False
1073,2024-01-20,organic_search,MX,iOS,False
1074,2024-09-29,email_campaign,AR,Roku,True
1075,2025-12-25,referral,US,iOS,True
1076,2024-01-04,direct,PT,SmartTV,True
1077,2025-07-02,paid_social,BR,iOS,True
1078,2025-10-24,paid_social,AR,Web,True
1079,2025-04-15,influencer,BR,iOS,False
1080,2025-11-07,paid_social,BR,iOS,True
1081,2025-01-02,organic_search,MX,Android,True
1082,2024-07-16,email_campaign,US,SmartTV,True
1083,2026-03-22,influencer,US,SmartTV,False
1084,2024-01-17,paid_social,BR,iOS,True
1085,2024-08-04,influencer,US,Roku,True
1086,2025-08-16,direct,BR,Android,True
1087,2024-01-20,direct,MX,Android,False
1088,2024-05-13,organic_search,BR,Web,False
1089,2024-04-09,influencer,AR,iOS,False
1090,2024-04-18,referral,PT,Android,True
1091,2024-07-26,paid_social,AR,SmartTV,True
1092,2025-12-01,referral,BR,Android,False
1093,2025-08-30,paid_social,BR,Android,False
1094,2024-06-21,referral,US,Roku,True
1095,2024-04-12,influencer,PT,iOS,False
1096,2024-03-23,organic_search,CO,Roku,False
1097,2025-03-02,influencer,BR,Web,True
1098,2025-02-25,direct,MX,iOS,True
1099,2026-01-04,influencer,BR,Web,True
1100,2024-01-05,organic_search,BR,Roku,False
1101,2025-09-25,affiliate,CO,Roku,True
1102,2026-02-27,influencer,BR,Android,True
1103,2024-06-01,referral,BR,iOS,True
1104,2025-01-07,organic_search,BR,Roku,False
1105,2026-02-15,organic_search,PT,Roku,True
1106,2026-03-15,referral,BR,Android,False
1107,2025-08-29,paid_social,BR,Web,True
1108,2024-04-22,organic_search,BR,SmartTV,False
1109,2025-01-19,organic_search,US,iOS,False
1110,2024-05-28,direct,US,SmartTV,True
1111,2025-04-13,influencer,CO,Android,True
1112,2024-02-02,organic_search,BR,SmartTV,True
1113,2024-06-24,organic_search,BR,Android,False
1114,2025-10-15,direct,US,Roku,False
1115,2024-03-29,affiliate,US,Android,True
1116,2026-05-07,paid_social,PT,Android,True
1117,2025-03-20,organic_search,CO,Android,False
1118,2024-01-06,direct,BR,SmartTV,False
1119,2025-05-31,paid_social,BR,iOS,True
1120,2024-09-03,referral,BR,SmartTV,False
1121,2024-05-15,paid_social,MX,iOS,True
1122,2025-11-16,organic_search,US,Roku,False
1123,2024-01-25,referral,BR,SmartTV,True
1124,2026-06-11,influencer,MX,iOS,False
1125,2024-03-13,direct,BR,iOS,True
1126,2026-02-09,influencer,MX,Roku,False
1127,2026-03-17,influencer,BR,iOS,True
1128,2025-11-21,direct,BR,Web,True
1129,2024-02-11,,MX,iOS,True
1130,2026-03-03,organic_search,BR,Roku,True
1131,2025-05-04,affiliate,MX,Android,True
1132,2024-09-30,influencer,BR,iOS,True
1133,2025-04-08,referral,AR,SmartTV,False
1134,2025-11-25,direct,US,Web,False
1135,2025-12-10,organic_search,AR,iOS,True
1136,2024-07-02,,BR,Android,True
1137,2025-12-14,referral,AR,Roku,False
1138,2024-01-24,paid_social,MX,Android,True
1139,2025-03-06,email_campaign,BR,Android,True
1140,2026-06-11,affiliate,US,Web,True
1141,2024-12-17,influencer,BR,Roku,False
1142,2025-06-26,paid_social,BR,Android,False
1143,2024-11-09,email_campaign,BR,Web,False
1144,2026-02-27,organic_search,BR,Android,True
1145,2024-06-13,paid_social,CO,Android,True
1146,2024-04-29,,US,SmartTV,True
1147,2024-07-07,referral,BR,Web,False
1148,2024-05-31,paid_social,CO,Roku,True
1149,2024-01-26,direct,PT,SmartTV,False
1150,2024-06-08,direct,US,Roku,True
1151,2025-12-23,referral,BR,Roku,False
1152,2026-03-29,email_campaign,CO,Web,False
1153,2026-01-19,direct,BR,Roku,True
1154,2024-01-26,influencer,BR,Web,True
1155,2024-02-26,influencer,US,Android,False
1156,2026-02-24,organic_search,BR,SmartTV,False
1157,2024-03-30,paid_social,US,Roku,True
1158,2024-02-27,paid_social,MX,SmartTV,True
1159,2025-01-16,paid_social,BR,SmartTV,False
1160,2024-03-30,email_campaign,US,SmartTV,False
1161,2024-10-22,affiliate,CO,SmartTV,False
1162,2025-02-28,affiliate,US,Android,True
1163,2025-05-01,direct,BR,Roku,False
1164,2024-03-31,paid_social,AR,SmartTV,True
1165,2025-04-18,email_campaign,BR,Android,False
1166,2024-10-23,referral,AR,Web,False
1167,2024-11-07,referral,US,iOS,False
1168,2024-06-06,paid_social,MX,SmartTV,True
1169,2025-11-12,paid_social,US,Android,True
1170,2026-02-22,referral,CO,Roku,False
1171,2025-08-18,referral,AR,SmartTV,False
1172,2026-04-17,paid_social,PT,iOS,False
1173,2024-06-15,organic_search,BR,Android,True
1174,2024-02-24,paid_social,MX,Web,True
1175,2024-10-25,influencer,BR,Android,False
1176,2024-07-06,referral,BR,Web,False
1177,2026-04-26,paid_social,MX,Web,True
1178,2025-08-16,affiliate,BR,Roku,True
1179,2026-03-08,paid_social,CO,Android,True
1180,2024-06-07,organic_search,BR,Roku,True
1181,2026-05-01,affiliate,MX,iOS,True
1182,2024-03-19,affiliate,CO,SmartTV,True
1183,2025-12-08,,US,Roku,True
1184,2024-12-16,email_campaign,BR,iOS,True
1185,2026-05-27,influencer,BR,Android,True
1186,2024-03-21,influencer,PT,iOS,True
1187,2025-05-10,organic_search,BR,Roku,True
1188,2025-04-25,direct,BR,Web,False
1189,2026-02-11,email_campaign,CO,Android,True
1190,2024-07-23,influencer,BR,Android,False
1191,2024-10-11,paid_social,BR,Roku,False
1192,2025-09-19,referral,BR,Roku,False
1193,2025-06-25,email_campaign,CO,Android,False
1194,2025-07-04,direct,BR,Android,False
1195,2026-05-21,paid_social,US,SmartTV,False
1196,2024-04-19,affiliate,CO,SmartTV,True
1197,2024-08-21,organic_search,CO,iOS,True
1198,2025-06-16,referral,BR,Web,True
1199,2024-02-11,paid_social,BR,Web,True
1200,2026-01-23,influencer,AR,Android,True
1201,2024-10-24,organic_search,BR,SmartTV,False
1202,2025-01-11,organic_search,MX,iOS,True
1203,2025-06-19,influencer,BR,SmartTV,True
1204,2025-08-27,email_campaign,AR,Android,True
1205,2024-07-22,,AR,SmartTV,True
1206,2026-05-08,email_campaign,BR,Roku,True
1207,2026-02-13,direct,BR,Roku,False
1208,2025-05-11,paid_social,PT,iOS,True
1209,2025-05-16,organic_search,CO,iOS,True
1210,2024-02-24,referral,BR,Android,True
1211,2025-11-26,organic_search,MX,iOS,False
1212,2025-11-07,email_campaign,PT,Android,True
1213,2025-05-24,referral,US,Roku,True
1214,2026-02-21,direct,AR,iOS,True
1215,2024-11-18,paid_social,BR,Android,True
1216,2026-05-31,direct,BR,SmartTV,True
1217,2026-01-02,referral,BR,SmartTV,False
1218,2025-12-02,referral,US,Android,True
1219,2025-02-04,referral,CO,Roku,False
1220,2026-02-23,paid_social,BR,iOS,True
1221,2025-01-10,affiliate,US,Web,True
1222,2025-03-14,direct,US,iOS,False
1223,2024-09-10,influencer,US,iOS,False
1224,2024-04-27,organic_search,US,iOS,True
1225,2026-06-03,referral,AR,Web,True
1226,2025-04-25,organic_search,BR,Roku,True
1227,2025-08-09,affiliate,BR,Android,True
1228,2025-05-29,organic_search,BR,SmartTV,True
1229,2025-10-12,affiliate,US,Web,True
1230,2024-10-31,paid_social,BR,iOS,False
1231,2025-08-15,referral,BR,Roku,False
1232,2025-05-01,organic_search,PT,Web,True
1233,2024-11-03,influencer,BR,SmartTV,True
1234,2025-10-01,referral,PT,Android,False
1235,2025-10-04,affiliate,US,Android,False
1236,2026-04-23,paid_social,MX,Roku,False
1237,2025-03-20,email_campaign,BR,Android,True
1238,2024-05-31,organic_search,MX,Web,False
1239,2025-02-24,affiliate,AR,Android,False
1240,2024-09-30,influencer,BR,Roku,True
1241,2024-09-01,organic_search,BR,Web,True
1242,2025-07-27,paid_social,AR,Android,True
1243,2024-05-19,paid_social,PT,Roku,True
1244,2026-05-22,direct,US,iOS,True
1245,2024-03-26,influencer,AR,SmartTV,False
1246,2025-11-18,direct,BR,Android,True
1247,2025-08-07,direct,US,Roku,False
1248,2025-06-21,referral,BR,Roku,True
1249,2026-04-06,paid_social,US,SmartTV,False
1250,2026-01-31,direct,BR,iOS,True
1251,2024-10-08,paid_social,AR,iOS,True
1252,2025-01-18,paid_social,US,Android,False
1253,2026-06-19,,MX,Web,True
1254,2025-09-12,affiliate,MX,iOS,False
1255,2026-03-18,paid_social,BR,Web,False
1256,2025-12-02,referral,BR,SmartTV,True
1257,2025-02-06,paid_social,CO,Android,True
1258,2026-05-30,direct,MX,SmartTV,False
1259,2024-10-07,affiliate,CO,SmartTV,False
1260,2026-05-11,email_campaign,AR,iOS,False
1261,2025-12-16,referral,BR,Roku,False
1262,2025-07-14,referral,BR,iOS,True
1263,2024-07-07,paid_social,MX,iOS,True
1264,2025-10-05,paid_social,BR,Android,True
1265,2025-12-31,email_campaign,AR,SmartTV,False
1266,2024-11-23,referral,PT,Web,True
1267,2025-08-30,email_campaign,BR,SmartTV,True
1268,2025-02-06,direct,AR,Android,True
1269,2024-01-24,influencer,MX,iOS,False
1270,2024-07-22,email_campaign,BR,SmartTV,True
1271,2025-09-06,organic_search,CO,Android,False
1272,2024-04-30,email_campaign,US,SmartTV,False
1273,2025-05-21,organic_search,BR,Web,True
1274,2025-05-21,organic_search,AR,Roku,True
1275,2026-04-23,email_campaign,BR,Android,True
1276,2024-05-29,paid_social,BR,Roku,True
1277,2024-09-11,referral,MX,iOS,True
1278,2024-05-16,direct,BR,Android,False
1279,2025-12-26,email_campaign,BR,iOS,True
1280,2024-02-23,direct,US,Web,False
1281,2025-11-17,email_campaign,PT,iOS,True
1282,2025-09-26,paid_social,BR,Web,True
1283,2025-07-26,referral,BR,Roku,True
1284,2024-12-13,organic_search,BR,Roku,True
1285,2024-09-23,paid_social,CO,SmartTV,False
1286,2026-05-04,,CO,Web,False
1287,2024-09-26,,CO,Roku,True
1288,2024-06-17,email_campaign,US,Android,True
1289,2025-11-04,email_campaign,BR,Android,True
1290,2024-07-06,referral,BR,SmartTV,True
1291,2025-05-21,paid_social,CO,Roku,True
1292,2025-05-19,affiliate,AR,iOS,True
1293,2024-07-27,organic_search,BR,Roku,False
1294,2025-07-30,organic_search,CO,iOS,True
1295,2025-08-07,paid_social,BR,SmartTV,False
1296,2026-06-27,organic_search,MX,iOS,True
1297,2025-08-27,affiliate,BR,iOS,True
1298,2025-12-25,referral,CO,Roku,False
1299,2024-12-03,influencer,CO,Web,False
1300,2026-01-21,organic_search,AR,Web,True
1301,2024-02-26,referral,MX,iOS,True
1302,2024-07-01,direct,AR,iOS,True
1303,2024-08-01,paid_social,US,Android,True
1304,2025-05-17,email_campaign,CO,Roku,True
1305,2025-11-12,affiliate,US,SmartTV,True
1306,2025-02-01,paid_social,MX,iOS,False
1307,2026-04-10,influencer,US,SmartTV,True
1308,2025-06-09,direct,MX,Android,False
1309,2025-06-23,influencer,BR,SmartTV,True
1310,2026-03-31,paid_social,CO,Web,False
1311,2025-06-19,paid_social,BR,iOS,False
1312,2025-06-09,referral,US,SmartTV,False
1313,2025-08-05,paid_social,US,Roku,True
1314,2026-01-28,organic_search,BR,SmartTV,True
1315,2025-03-02,paid_social,PT,SmartTV,True
1316,2024-09-28,direct,AR,Android,True
1317,2024-03-21,paid_social,MX,SmartTV,True
1318,2024-01-06,organic_search,BR,SmartTV,True
1319,2025-02-18,direct,MX,SmartTV,True
1320,2026-04-12,paid_social,MX,SmartTV,False
1321,2024-03-30,organic_search,BR,iOS,False
1322,2024-07-11,organic_search,MX,Android,True
1323,2025-10-03,organic_search,BR,SmartTV,True
1324,2025-03-08,organic_search,AR,SmartTV,False
1325,2025-04-27,affiliate,US,Android,True
1326,2026-04-29,organic_search,BR,SmartTV,False
1327,2026-05-18,email_campaign,US,Roku,False
1328,2024-02-07,paid_social,US,Roku,False
1329,2026-04-16,organic_search,BR,iOS,True
1330,2024-11-19,organic_search,AR,SmartTV,False
1331,2024-04-29,influencer,MX,SmartTV,False
1332,2024-01-22,paid_social,BR,Web,True
1333,2025-06-03,referral,MX,Roku,False
1334,2026-01-02,referral,AR,SmartTV,False
1335,2026-05-03,email_campaign,PT,Android,True
1336,2024-10-16,influencer,BR,Android,True
1337,2025-05-18,email_campaign,CO,SmartTV,True
1338,2024-08-02,organic_search,BR,Web,True
1339,2024-06-11,affiliate,AR,iOS,False
1340,2024-12-11,organic_search,BR,Roku,True
1341,2024-09-21,email_campaign,PT,Roku,True
1342,2024-06-03,influencer,BR,iOS,False
1343,2025-03-24,direct,PT,iOS,False
1344,2025-09-16,,BR,iOS,True
1345,2024-04-30,direct,BR,Web,False
1346,2026-02-19,referral,AR,Android,True
1347,2024-12-08,organic_search,BR,SmartTV,False
1348,2024-01-07,affiliate,US,Web,True
1349,2024-03-28,,PT,Web,True
1350,2024-09-08,email_campaign,US,Android,True
1351,2025-03-15,,AR,Roku,False
1352,2025-01-05,paid_social,PT,Roku,False
1353,2024-03-27,paid_social,CO,Android,True
1354,2025-02-06,influencer,MX,Roku,True
1355,2025-10-08,direct,US,Roku,False
1356,2026-01-08,direct,BR,Web,False
1357,2025-09-17,email_campaign,US,Android,False
1358,2025-10-01,influencer,MX,SmartTV,False
1359,2026-06-21,organic_search,US,SmartTV,False
1360,2026-01-27,referral,US,Android,True
1361,2025-07-19,referral,PT,Android,True
1362,2026-03-26,referral,BR,Web,False
1363,2025-06-01,email_campaign,AR,Web,True
1364,2024-12-28,organic_search,MX,iOS,True
1365,2025-08-09,referral,CO,Roku,True
1366,2025-10-04,affiliate,BR,Web,True
1367,2026-03-14,influencer,MX,Roku,False
1368,2024-04-17,referral,BR,Web,True
1369,2024-05-30,affiliate,BR,iOS,True
1370,2024-05-13,organic_search,BR,Roku,True
1371,2025-07-26,email_campaign,AR,Roku,True
1372,2025-03-09,influencer,CO,SmartTV,False
1373,2024-05-27,organic_search,MX,Android,False
1374,2025-06-09,organic_search,BR,SmartTV,True
1375,2024-06-09,paid_social,CO,Roku,False
1376,2024-04-22,paid_social,BR,Roku,True
1377,2025-01-15,direct,BR,SmartTV,True
1378,2024-05-26,email_campaign,US,Web,False
1379,2024-08-08,affiliate,US,iOS,True
1380,2024-03-10,paid_social,US,Roku,True
1381,2024-12-11,referral,PT,Roku,True
1382,2024-05-21,influencer,PT,SmartTV,True
1383,2026-01-15,organic_search,MX,Roku,True
1384,2024-08-26,paid_social,BR,SmartTV,False
1385,2025-10-23,affiliate,MX,Roku,True
1386,2026-03-01,referral,BR,Roku,True
1387,2025-09-25,referral,BR,Roku,True
1388,2026-02-07,referral,BR,Roku,True
1389,2024-01-20,email_campaign,BR,Roku,True
1390,2026-04-06,influencer,US,iOS,True
1391,2024-01-24,paid_social,US,Roku,True
1392,2024-09-20,organic_search,BR,Android,True
1393,2024-07-06,email_campaign,BR,SmartTV,False
1394,2024-03-01,direct,BR,iOS,True
1395,2024-04-11,organic_search,AR,Web,True
1396,2026-04-27,,BR,Roku,True
1397,2025-05-19,email_campaign,BR,iOS,True
1398,2024-11-21,referral,BR,iOS,True
1399,2024-08-27,paid_social,CO,iOS,True
1400,2025-07-22,email_campaign,BR,SmartTV,True
